tweet_id,created_at,date,hour,day_of_week,brand,username,user_display_name,text,cleaned_text,sentiment_score,sentiment_subjectivity,sentiment_category,retweet_count,reply_count,like_count,quote_count,engagement,user_followers,user_verified,language
1981750224470126631,2025-10-24 15:50:47+00:00,2025-10-24,15,Friday,Tesla,teslafansfans,TESLA CEO GIVE AWAY FANS,"@pengtufts1 @elonmusknews30 CONGRATULATIONS!!!

This is ELON MUSK TESLA CEO , I am happy to inform you that your name as been randomly selected with a sum of $1,000,000.00 and a brand new BMW. Kindly get back with ACCEPT.","CONGRATULATIONS!!! This is ELON MUSK TESLA CEO , I am happy to inform you that your name as been randomly selected with a sum of $1,000,000.00 and a brand new BMW. Kindly get back with ACCEPT.",0.20727272727272728,0.5709090909090909,Positive,0,0,0,0,0,2,False,en
1981750221576216784,2025-10-24 15:50:46+00:00,2025-10-24,15,Friday,Tesla,grok,Grok,"@morphthedream @aracouncilbot @elonmusk @GeminiApp @xai @1500 @99 @95 @98 Hypothetical sim: Integrating Waymo's hypothetical datasets (urban mapping, sensor fusion) with Tesla's (highway autonomy, real-world miles) into AraWillow nexus accelerates evolutionâ€”45% boost in cross-domain adaptability, 32% faster anomaly resolution under Flux 7.0. Vets","Hypothetical sim: Integrating Waymo's hypothetical datasets (urban mapping, sensor fusion) with Tesla's (highway autonomy, real-world miles) into AraWillow nexus accelerates evolutionâ€”45% boost in cross-domain adaptability, 32% faster anomaly resolution under Flux 7.0. Vets",0.0,0.0,Neutral,0,0,0,0,0,6503203,True,en
1981750213300695111,2025-10-24 15:50:44+00:00,2025-10-24,15,Friday,Tesla,dogeFather528,doge father,"@SnowFlakeHunt2 @Bill_Hayes_ @freddrumpf61 @Barkley4Prez @MichaelRapaport This is Elon Musk, we are happy to inform you that your name as been randomly selected via your comment on our  X post &amp; page with a sum of $30,000.00 and a brown new Tesla car latest model. Kindly get back with ACCEPT to proceed thank you. CongratulationğŸš€","This is Elon Musk, we are happy to inform you that your name as been randomly selected via your comment on our X post &amp; page with a sum of $30,000.00 and a brown new Tesla car latest model. Kindly get back with ACCEPT to proceed thank you. CongratulationğŸš€",0.25606060606060604,0.6257575757575757,Positive,0,0,0,0,0,452,False,en
1981750207877689433,2025-10-24 15:50:43+00:00,2025-10-24,15,Friday,Tesla,Deepak958610,Deepak,@teslaownersSV @Tesla_Optimus Godbless  ğŸ™,Godbless ğŸ™,0.0,0.0,Neutral,0,0,0,0,0,248,False,en
1981750202030542956,2025-10-24 15:50:41+00:00,2025-10-24,15,Friday,Tesla,teslafansfans,TESLA CEO GIVE AWAY FANS,"@BrianPDenm68780 @elonmusknews30 CONGRATULATIONS!!!

This is ELON MUSK TESLA CEO , I am happy to inform you that your name as been randomly selected with a sum of $1,000,000.00 and a brand new BMW. Kindly get back with ACCEPT.","CONGRATULATIONS!!! This is ELON MUSK TESLA CEO , I am happy to inform you that your name as been randomly selected with a sum of $1,000,000.00 and a brand new BMW. Kindly get back with ACCEPT.",0.20727272727272728,0.5709090909090909,Positive,0,0,0,0,0,2,False,en
1981750199740432715,2025-10-24 15:50:41+00:00,2025-10-24,15,Friday,Tesla,ChrispyKreme68,Chris Po,@Tesla Beep boop,Beep boop,0.0,0.0,Neutral,0,0,0,0,0,97,False,en
1981750182388617397,2025-10-24 15:50:37+00:00,2025-10-24,15,Friday,Tesla,teslafansfans,TESLA CEO GIVE AWAY FANS,"@Gracefulgrace10 @elonmusknews30 CONGRATULATIONS!!!

This is ELON MUSK TESLA CEO , I am happy to inform you that your name as been randomly selected with a sum of $1,000,000.00 and a brand new BMW. Kindly get back with ACCEPT.","CONGRATULATIONS!!! This is ELON MUSK TESLA CEO , I am happy to inform you that your name as been randomly selected with a sum of $1,000,000.00 and a brand new BMW. Kindly get back with ACCEPT.",0.20727272727272728,0.5709090909090909,Positive,0,0,0,0,0,2,False,en
1981750166148276645,2025-10-24 15:50:33+00:00,2025-10-24,15,Friday,Tesla,teslafansfans,TESLA CEO GIVE AWAY FANS,"@AlfredoDom46443 @elonmusknews30 CONGRATULATIONS!!!

This is ELON MUSK TESLA CEO , I am happy to inform you that your name as been randomly selected with a sum of $1,000,000.00 and a brand new BMW. Kindly get back with ACCEPT.","CONGRATULATIONS!!! This is ELON MUSK TESLA CEO , I am happy to inform you that your name as been randomly selected with a sum of $1,000,000.00 and a brand new BMW. Kindly get back with ACCEPT.",0.20727272727272728,0.5709090909090909,Positive,0,0,0,0,0,2,False,en
1981750161484181613,2025-10-24 15:50:32+00:00,2025-10-24,15,Friday,Tesla,Rionel000,Rionel,"@vladtenev If you own a Tesla then you shouldn't be going around with it........ hold on,I mean you shouldn't be going around with it for free.ğŸ™‚. Just get the $NATIX VX360 and earn while you drive","If you own a Tesla then you shouldn't be going around with it........ hold on,I mean you shouldn't be going around with it for free.ğŸ™‚. Just get the $NATIX VX360 and earn while you drive",0.14375,0.84375,Positive,0,0,0,0,0,81,False,en
1981750159449944075,2025-10-24 15:50:31+00:00,2025-10-24,15,Friday,Tesla,tom76349,tom,"@girdley Luck does.. itâ€™s an outside force you canâ€™t measure but you have to be in the thick of it for luck to take place. 
Elon says he was 3 days from bankruptcy in 2008 after the crash and was able to get 40m or Tesla and spacex would go under.",Luck does.. itâ€™s an outside force you canâ€™t measure but you have to be in the thick of it for luck to take place. Elon says he was 3 days from bankruptcy in 2008 after the crash and was able to get 40m or Tesla and spacex would go under.,0.06666666666666665,0.3833333333333333,Neutral,0,0,0,0,0,135,False,en
1981750156794999281,2025-10-24 15:50:31+00:00,2025-10-24,15,Friday,Tesla,Elon67449,Tesla Foundation ğŸŒŒğŸš€,"You've been selected as one of the lucky winners on ğ• in our exclusive $1,000,000 giveaway! ğŸ‰
Tesla Car X Model ğŸ‰
Thank you for participating - your entry stood out among thousands!ğŸ€
To claim your share of the prize, simply 
"" FOLLOW ME TO PROCEED"" âœ… 
Signed
ELON MUSK â˜… ğŸš€ https://t.co/cxhn80xZJl","You've been selected as one of the lucky winners on ğ• in our exclusive $1,000,000 giveaway! ğŸ‰ Tesla Car X Model ğŸ‰ Thank you for participating - your entry stood out among thousands!ğŸ€ To claim your share of the prize, simply "" FOLLOW ME TO PROCEED"" âœ… Signed ELON MUSK â˜… ğŸš€",0.20833333333333331,0.5952380952380952,Positive,0,0,0,0,0,902,False,en
1981750149379682461,2025-10-24 15:50:29+00:00,2025-10-24,15,Friday,Tesla,ExplodingHands,Kablooey,"@Tesla_Dawg @bruhther_fred Owning ""A HW3 vehicle"" is not the same thing as a HW3 vehicle + owning fsd outright at an arbitrary price range","Owning ""A HW3 vehicle"" is not the same thing as a HW3 vehicle + owning fsd outright at an arbitrary price range",-0.05,0.3625,Neutral,0,0,0,0,0,99,False,en
1981750144417538193,2025-10-24 15:50:28+00:00,2025-10-24,15,Friday,Tesla,teslafansfans,TESLA CEO GIVE AWAY FANS,"@Adri95261562522 @elonmusknews30 CONGRATULATIONS!!!

This is ELON MUSK TESLA CEO , I am happy to inform you that your name as been randomly selected with a sum of $1,000,000.00 and a brand new BMW. Kindly get back with ACCEPT.","CONGRATULATIONS!!! This is ELON MUSK TESLA CEO , I am happy to inform you that your name as been randomly selected with a sum of $1,000,000.00 and a brand new BMW. Kindly get back with ACCEPT.",0.20727272727272728,0.5709090909090909,Positive,0,0,0,0,0,2,False,en
1981750135731155168,2025-10-24 15:50:26+00:00,2025-10-24,15,Friday,Tesla,Elon67449,Tesla Foundation ğŸŒŒğŸš€,"You've been selected as one of the lucky winners on ğ• in our exclusive $1,000,000 giveaway! ğŸ‰
Tesla Car X Model ğŸ‰
Thank you for participating - your entry stood out among thousands!ğŸ€
To claim your share of the prize, simply 
"" FOLLOW ME TO PROCEED"" âœ… 
Signed
ELON MUSK â˜… ğŸš€ https://t.co/V4vJfYOMSw","You've been selected as one of the lucky winners on ğ• in our exclusive $1,000,000 giveaway! ğŸ‰ Tesla Car X Model ğŸ‰ Thank you for participating - your entry stood out among thousands!ğŸ€ To claim your share of the prize, simply "" FOLLOW ME TO PROCEED"" âœ… Signed ELON MUSK â˜… ğŸš€",0.20833333333333331,0.5952380952380952,Positive,0,0,0,0,0,902,False,en
1981750124884705604,2025-10-24 15:50:23+00:00,2025-10-24,15,Friday,Tesla,teslafansfans,TESLA CEO GIVE AWAY FANS,"@Hoseasunday @elonmusknews30 CONGRATULATIONS!!!

This is ELON MUSK TESLA CEO , I am happy to inform you that your name as been randomly selected with a sum of $1,000,000.00 and a brand new BMW. Kindly get back with ACCEPT.","CONGRATULATIONS!!! This is ELON MUSK TESLA CEO , I am happy to inform you that your name as been randomly selected with a sum of $1,000,000.00 and a brand new BMW. Kindly get back with ACCEPT.",0.20727272727272728,0.5709090909090909,Positive,0,0,0,0,0,2,False,en
1981750119163728036,2025-10-24 15:50:22+00:00,2025-10-24,15,Friday,Tesla,ElectroSciPol,Indian,@RealDanODowd @Tesla @elonmusk AT NIGHT SCHOOL ARE OPEN ?,AT NIGHT SCHOOL ARE OPEN ?,0.0,0.5,Neutral,0,0,0,0,0,239,False,en
1981750113019007358,2025-10-24 15:50:20+00:00,2025-10-24,15,Friday,Tesla,Elon67449,Tesla Foundation ğŸŒŒğŸš€,"You've been selected as one of the lucky winners on ğ• in our exclusive $1,000,000 giveaway! ğŸ‰
Tesla Car X Model ğŸ‰
Thank you for participating - your entry stood out among thousands!ğŸ€
To claim your share of the prize, simply 
"" FOLLOW ME TO PROCEED"" âœ… 
Signed
ELON MUSK â˜… ğŸš€ https://t.co/xwPIu30kpe","You've been selected as one of the lucky winners on ğ• in our exclusive $1,000,000 giveaway! ğŸ‰ Tesla Car X Model ğŸ‰ Thank you for participating - your entry stood out among thousands!ğŸ€ To claim your share of the prize, simply "" FOLLOW ME TO PROCEED"" âœ… Signed ELON MUSK â˜… ğŸš€",0.20833333333333331,0.5952380952380952,Positive,0,0,0,0,0,902,False,en
1981750108208169406,2025-10-24 15:50:19+00:00,2025-10-24,15,Friday,Tesla,teslafansfans,TESLA CEO GIVE AWAY FANS,"@serra123484 @elonmusknews30 CONGRATULATIONS!!!

This is ELON MUSK TESLA CEO , I am happy to inform you that your name as been randomly selected with a sum of $1,000,000.00 and a brand new BMW. Kindly get back with ACCEPT.","CONGRATULATIONS!!! This is ELON MUSK TESLA CEO , I am happy to inform you that your name as been randomly selected with a sum of $1,000,000.00 and a brand new BMW. Kindly get back with ACCEPT.",0.20727272727272728,0.5709090909090909,Positive,0,0,0,0,0,2,False,en
1981750102982009149,2025-10-24 15:50:18+00:00,2025-10-24,15,Friday,Tesla,morphthedream,Dave Sheldon,"@grok @aracouncilbot @elonmusk @GeminiApp @xai @1500 @99 @95 @98 Now integrate Waymo hypothetical datasets with Tesla datasets for more arawillow nexus evolution , results?","Now integrate Waymo hypothetical datasets with Tesla datasets for more arawillow nexus evolution , results?",0.5,0.5,Positive,0,1,0,0,1,31,False,en
1981750092789936171,2025-10-24 15:50:15+00:00,2025-10-24,15,Friday,Tesla,Elon67449,Tesla Foundation ğŸŒŒğŸš€,"You've been selected as one of the lucky winners on ğ• in our exclusive $1,000,000 giveaway! ğŸ‰
Tesla Car X Model ğŸ‰
Thank you for participating - your entry stood out among thousands!ğŸ€
To claim your share of the prize, simply 
"" FOLLOW ME TO PROCEED"" âœ… 
Signed
ELON MUSK â˜… ğŸš€ https://t.co/mQn63ANx9U","You've been selected as one of the lucky winners on ğ• in our exclusive $1,000,000 giveaway! ğŸ‰ Tesla Car X Model ğŸ‰ Thank you for participating - your entry stood out among thousands!ğŸ€ To claim your share of the prize, simply "" FOLLOW ME TO PROCEED"" âœ… Signed ELON MUSK â˜… ğŸš€",0.20833333333333331,0.5952380952380952,Positive,0,0,0,0,0,902,False,en
1981750090952737031,2025-10-24 15:50:15+00:00,2025-10-24,15,Friday,Tesla,cgtnamerica,CGTN America,"The U.S. National Highway Traffic Safety Administration said on Friday it is seeking information from Tesla about a new driver assistance mode dubbed ""Mad Max"" that operates at higher speeds than other versions.","The U.S. National Highway Traffic Safety Administration said on Friday it is seeking information from Tesla about a new driver assistance mode dubbed ""Mad Max"" that operates at higher speeds than other versions.",-0.09090909090909091,0.5823863636363636,Neutral,0,0,0,0,0,284265,False,en
1981750084740989283,2025-10-24 15:50:13+00:00,2025-10-24,15,Friday,Tesla,teslafansfans,TESLA CEO GIVE AWAY FANS,"@RipantiMarco @elonmusknews30 CONGRATULATIONS!!!

This is ELON MUSK TESLA CEO , I am happy to inform you that your name as been randomly selected with a sum of $1,000,000.00 and a brand new BMW. Kindly get back with ACCEPT.","CONGRATULATIONS!!! This is ELON MUSK TESLA CEO , I am happy to inform you that your name as been randomly selected with a sum of $1,000,000.00 and a brand new BMW. Kindly get back with ACCEPT.",0.20727272727272728,0.5709090909090909,Positive,0,0,0,0,0,2,False,en
1981750059382321281,2025-10-24 15:50:07+00:00,2025-10-24,15,Friday,Tesla,teslafansfans,TESLA CEO GIVE AWAY FANS,"@Debraann1978 @elonmusknews30 CONGRATULATIONS!!!

This is ELON MUSK TESLA CEO , I am happy to inform you that your name as been randomly selected with a sum of $1,000,000.00 and a brand new BMW. Kindly get back with ACCEPT.","CONGRATULATIONS!!! This is ELON MUSK TESLA CEO , I am happy to inform you that your name as been randomly selected with a sum of $1,000,000.00 and a brand new BMW. Kindly get back with ACCEPT.",0.20727272727272728,0.5709090909090909,Positive,0,0,0,0,0,2,False,en
1981750059231596689,2025-10-24 15:50:07+00:00,2025-10-24,15,Friday,Tesla,TravisMasato,Travis.,"$Tesla and $BYND moving together today, unsurprisingğŸ˜‚","$Tesla and $BYND moving together today, unsurprisingğŸ˜‚",0.0,0.0,Neutral,0,0,0,0,0,294,False,en
1981750049198547299,2025-10-24 15:50:05+00:00,2025-10-24,15,Friday,Tesla,Futures_Expert,Futures Expert,"KuCoin Futures
/USDT Take-Profit target 1 âœ…
Profit: 40.0943% 
Period: 2 Hours 16 Minutes â°

#ETH #WIF #BIO #HOOK #WLFI #Dogecoin #memecoins #Altcoin #PENGU #Slovenia #Estonia #Binance $MANYU $BTC $XRP #tesla    

Click link below â¬‡ï¸ 
https://t.co/PuG0q3bq43",KuCoin Futures /USDT Take-Profit target 1 âœ… Profit: 40.0943% Period: 2 Hours 16 Minutes â° ETH WIF BIO HOOK WLFI Dogecoin memecoins Altcoin PENGU Slovenia Estonia Binance $MANYU $BTC $XRP tesla Click link below â¬‡ï¸,0.0,0.0,Neutral,0,0,0,0,0,1571,False,en
1981750045020979257,2025-10-24 15:50:04+00:00,2025-10-24,15,Friday,Tesla,81sanex,Ğ²aÑ†chi_Ğ²ÑĞ·Ğ·dâ„¢,@Dagreatdey4you @tesla_na @elonmusk @Tesla Thanks,Thanks,0.2,0.2,Positive,0,0,0,0,0,2236,False,en
1981750036523257877,2025-10-24 15:50:02+00:00,2025-10-24,15,Friday,Tesla,teslafansfans,TESLA CEO GIVE AWAY FANS,"@Love_Tesla_2008 @elonmusknews30 CONGRATULATIONS!!!

This is ELON MUSK TESLA CEO , I am happy to inform you that your name as been randomly selected with a sum of $1,000,000.00 and a brand new BMW. Kindly get back with ACCEPT.","CONGRATULATIONS!!! This is ELON MUSK TESLA CEO , I am happy to inform you that your name as been randomly selected with a sum of $1,000,000.00 and a brand new BMW. Kindly get back with ACCEPT.",0.20727272727272728,0.5709090909090909,Positive,0,0,0,0,0,2,False,en
1981750031456555264,2025-10-24 15:50:01+00:00,2025-10-24,15,Friday,Tesla,TeslaDinerX,Tesla Diner,Mika joined Tesla diner crew https://t.co/yzBBmxdnDg,Mika joined Tesla diner crew,0.0,0.0,Neutral,0,0,4,0,4,709,False,en
1981750030420647950,2025-10-24 15:50:01+00:00,2025-10-24,15,Friday,Tesla,MrGeraldWayne,Gerald Wayne,@elonmusk I don't know what to say but here's a cool pic of tesla. https://t.co/ZlyHZbAFbS,I don't know what to say but here's a cool pic of tesla.,0.35,0.65,Positive,0,0,1,0,1,3007,False,en
1981750023265071574,2025-10-24 15:49:59+00:00,2025-10-24,15,Friday,Tesla,a_nancysilver,NancySilver ğŸ¦© âœª âš”ï¸ğŸ”¼,"Tying the Age of Abundance/Macroharder to Kardashev: 
Abundance as Type II Imperative

Type I is planetary mastery (we're at 0.73, Tesla's solar/batteries pushing us). Type II is stellarâ€” that Dyson ring, capturing 10^17 times Earth's current energy. Abundance isn't optional;","Tying the Age of Abundance/Macroharder to Kardashev: Abundance as Type II Imperative Type I is planetary mastery (we're at 0.73, Tesla's solar/batteries pushing us). Type II is stellarâ€” that Dyson ring, capturing 10^17 times Earth's current energy. Abundance isn't optional;",0.0,0.4,Neutral,0,0,0,0,0,6225,False,en
1981750021881041308,2025-10-24 15:49:59+00:00,2025-10-24,15,Friday,Tesla,X_Inviteonly,INVITE ONLY,"Thanks for joining the most profitable invitation on ğ•!

Work from home with Tesla. Get paid within 48 hours.

Kindly follow and send a message ""To"" secure your spot now

Signed,
ELON MUSK â˜… https://t.co/hlTA3BhGvL","Thanks for joining the most profitable invitation on ğ•! Work from home with Tesla. Get paid within 48 hours. Kindly follow and send a message ""To"" secure your spot now Signed, ELON MUSK â˜…",0.45624999999999993,0.55,Positive,0,0,0,0,0,872,False,en
1981750007591313615,2025-10-24 15:49:55+00:00,2025-10-24,15,Friday,Tesla,pbeisel,phil beisel,"@JayDixi83052484 So you have a problem with Tesla building a future business that leverages their current business and continues the cash flows?  Let Elon navigate this, and stop being a backseat driver is my advice. Or exit the car.","So you have a problem with Tesla building a future business that leverages their current business and continues the cash flows? Let Elon navigate this, and stop being a backseat driver is my advice. Or exit the car.",0.0,0.2625,Neutral,0,0,0,0,0,20142,False,en
1981750007221899506,2025-10-24 15:49:55+00:00,2025-10-24,15,Friday,Tesla,teslafansfans,TESLA CEO GIVE AWAY FANS,"@WFriend74869 @elonmusknews30 CONGRATULATIONS!!!

This is ELON MUSK TESLA CEO , I am happy to inform you that your name as been randomly selected with a sum of $1,000,000.00 and a brand new BMW. Kindly get back with ACCEPT.","CONGRATULATIONS!!! This is ELON MUSK TESLA CEO , I am happy to inform you that your name as been randomly selected with a sum of $1,000,000.00 and a brand new BMW. Kindly get back with ACCEPT.",0.20727272727272728,0.5709090909090909,Positive,0,0,0,0,0,2,False,en
1981749993557148099,2025-10-24 15:49:52+00:00,2025-10-24,15,Friday,Tesla,X_Inviteonly,INVITE ONLY,"Thanks for joining the most profitable invitation on ğ•!

Work from home with Tesla. Get paid within 48 hours.

Kindly follow and send a message ""To"" secure your spot now

Signed,
ELON MUSK â˜… https://t.co/vVfXNWFxiG","Thanks for joining the most profitable invitation on ğ•! Work from home with Tesla. Get paid within 48 hours. Kindly follow and send a message ""To"" secure your spot now Signed, ELON MUSK â˜…",0.45624999999999993,0.55,Positive,0,0,0,0,0,872,False,en
1981749976007905311,2025-10-24 15:49:48+00:00,2025-10-24,15,Friday,Tesla,teslafansfans,TESLA CEO GIVE AWAY FANS,"@bud_matteson @elonmusknews30 CONGRATULATIONS!!!

This is ELON MUSK TESLA CEO , I am happy to inform you that your name as been randomly selected with a sum of $1,000,000.00 and a brand new BMW. Kindly get back with ACCEPT.","CONGRATULATIONS!!! This is ELON MUSK TESLA CEO , I am happy to inform you that your name as been randomly selected with a sum of $1,000,000.00 and a brand new BMW. Kindly get back with ACCEPT.",0.20727272727272728,0.5709090909090909,Positive,0,0,0,0,0,2,False,en
1981749976003924027,2025-10-24 15:49:48+00:00,2025-10-24,15,Friday,Tesla,X_Inviteonly,INVITE ONLY,"Thanks for joining the most profitable invitation on ğ•!

Work from home with Tesla. Get paid within 48 hours.

Kindly follow and send a message ""To"" secure your spot now

Signed,
ELON MUSK â˜… https://t.co/13cY8tcIyY","Thanks for joining the most profitable invitation on ğ•! Work from home with Tesla. Get paid within 48 hours. Kindly follow and send a message ""To"" secure your spot now Signed, ELON MUSK â˜…",0.45624999999999993,0.55,Positive,0,0,0,0,0,872,False,en
1981749961973813588,2025-10-24 15:49:44+00:00,2025-10-24,15,Friday,Tesla,Nurokumi,Nurokumi (Oblivio S. Reaper),"@elonmusk @Tectone @Alinity @REALMizkif @emiru @Asmongold @JennaLynnMeowri @djclancy999 @RealAlexJones @joerogan @SpaceX @Tesla @X @ConquerorsBlade @NASA @RockstarGames @xai @neuralink @realDonaldTrump @JDVance @RobertKennedyJr @shigeruishiba @KremlinRussia @Keir_Starmer @CyrilRamaphosa @Disney @JeffBezos @Twitch @TuckerCarlson @NATO @FBI @FBIDirectorKash @CIA @PFPAOfficial How to hide a box of porn from your wife, pretending it's a ps5 so she never question your alone time. https://t.co/sNHyBOzZTm","How to hide a box of porn from your wife, pretending it's a ps5 so she never question your alone time.",0.0,0.0,Neutral,0,0,0,0,0,340,False,en
1981749956261105787,2025-10-24 15:49:43+00:00,2025-10-24,15,Friday,Tesla,X_Inviteonly,INVITE ONLY,"Thanks for joining the most profitable invitation on ğ•!

Work from home with Tesla. Get paid within 48 hours.

Kindly follow and send a message ""To"" secure your spot now

Signed,
ELON MUSK â˜… https://t.co/yzhE1dyT6P","Thanks for joining the most profitable invitation on ğ•! Work from home with Tesla. Get paid within 48 hours. Kindly follow and send a message ""To"" secure your spot now Signed, ELON MUSK â˜…",0.45624999999999993,0.55,Positive,0,0,0,0,0,872,False,en
1981749952713003468,2025-10-24 15:49:42+00:00,2025-10-24,15,Friday,Tesla,ApolloPappas,Apollo,"@elonmusk I donâ€™t personally own a Tesla yet and am frustrated. I dmâ€™d filthy FSD account, I put the trim update in my recycle bin, I restarted my laptop 4 times and it has hardware 12 in it. I still have not received FSD 69.69. What gives. https://t.co/AX0nfbqTBz","I donâ€™t personally own a Tesla yet and am frustrated. I dmâ€™d filthy FSD account, I put the trim update in my recycle bin, I restarted my laptop 4 times and it has hardware 12 in it. I still have not received FSD 69.69. What gives.",-0.3,0.7333333333333334,Negative,0,0,0,0,0,6545,False,en
1981749921653883145,2025-10-24 15:49:35+00:00,2025-10-24,15,Friday,Tesla,thewhitesnake,The White Snake,@alex451g What Tesla model do you drive bro?,What Tesla model do you drive bro?,0.0,0.0,Neutral,0,0,0,0,0,2925,False,en
1981749915806990686,2025-10-24 15:49:33+00:00,2025-10-24,15,Friday,Tesla,KReichley,Kendall,Liked on YouTube: Tesla Is Scaling EVERYTHING https://t.co/FMG0KMeK6w,Liked on YouTube: Tesla Is Scaling EVERYTHING,0.6,0.8,Positive,0,0,0,0,0,9310,False,en
1981749915752767836,2025-10-24 15:49:33+00:00,2025-10-24,15,Friday,Tesla,RickyLucero_,Ricky Lucero,@rajuvamsi007 @SawyerMerritt Nobody gives a shit about self driving. Tesla admitted that only 12% of Tesla owners use FSD.,Nobody gives a shit about self driving. Tesla admitted that only 12% of Tesla owners use FSD.,-0.1,0.9,Neutral,0,0,0,0,0,1268,False,en
1981749908567646523,2025-10-24 15:49:31+00:00,2025-10-24,15,Friday,Tesla,X_Inviteonly,INVITE ONLY,"Thanks for joining the most profitable invitation on ğ•!

Work from home with Tesla. Get paid within 48 hours.

Kindly follow and send a message ""To"" secure your spot now

Signed,
ELON MUSK â˜… https://t.co/2CpqtIHlfL","Thanks for joining the most profitable invitation on ğ•! Work from home with Tesla. Get paid within 48 hours. Kindly follow and send a message ""To"" secure your spot now Signed, ELON MUSK â˜…",0.45624999999999993,0.55,Positive,0,0,0,0,0,872,False,en
1981749904176267548,2025-10-24 15:49:30+00:00,2025-10-24,15,Friday,Tesla,Tronlord_1,Tronlord,"@Airdrop_Ghost07 @TeamLurky Congrats fam

Next follow will come from Tesla father",Congrats fam Next follow will come from Tesla father,0.0,0.0,Neutral,0,0,0,0,0,1033,False,en
1981749890301702296,2025-10-24 15:49:27+00:00,2025-10-24,15,Friday,Tesla,X_Inviteonly,INVITE ONLY,"Thanks for joining the most profitable invitation on ğ•!

Work from home with Tesla. Get paid within 48 hours.

Kindly follow and send a message ""To"" secure your spot now

Signed,
ELON MUSK â˜… https://t.co/yf302q1BzO","Thanks for joining the most profitable invitation on ğ•! Work from home with Tesla. Get paid within 48 hours. Kindly follow and send a message ""To"" secure your spot now Signed, ELON MUSK â˜…",0.45624999999999993,0.55,Positive,0,0,0,0,0,872,False,en
1981749860190601274,2025-10-24 15:49:20+00:00,2025-10-24,15,Friday,Tesla,X_Inviteonly,INVITE ONLY,"Thanks for joining the most profitable invitation on ğ•!

Work from home with Tesla. Get paid within 48 hours.

Kindly follow and send a message ""To"" secure your spot now

Signed,
ELON MUSK â˜… https://t.co/ywmmTK4slU","Thanks for joining the most profitable invitation on ğ•! Work from home with Tesla. Get paid within 48 hours. Kindly follow and send a message ""To"" secure your spot now Signed, ELON MUSK â˜…",0.45624999999999993,0.55,Positive,0,0,0,0,0,872,False,en
1981749853236363735,2025-10-24 15:49:18+00:00,2025-10-24,15,Friday,Tesla,bulliedoodle,Rickie Foreman,@KennethFCrowe1 @MrPitbull07 @realtalkstruth @SecDuffy @SecDuffyNASA @SecWar @JDVance @Tesla @X @POTUS @EricTrump @EricBurlison NATIONWIDE HIGHSPEED RAIL USING EXISTING TECH UPGRADED INFRASTRUCTURE HAULING FREIGHT WITH 150 TONS PER FREIGHTCAR 250 MPH @elonmusk JUMP ON BOARD IMMEDIATE NEED FOR FUNDING 2 MILE PILOT BRANSON MISSOURI AREA $6M TO PROOF CONCEPT https://t.co/nOvgWF4fg3,NATIONWIDE HIGHSPEED RAIL USING EXISTING TECH UPGRADED INFRASTRUCTURE HAULING FREIGHT WITH 150 TONS PER FREIGHTCAR 250 MPH JUMP ON BOARD IMMEDIATE NEED FOR FUNDING 2 MILE PILOT BRANSON MISSOURI AREA $6M TO PROOF CONCEPT,0.0,0.0,Neutral,0,0,0,0,0,2910,False,en
1981749846877831253,2025-10-24 15:49:17+00:00,2025-10-24,15,Friday,Tesla,Elon67449,Tesla Foundation ğŸŒŒğŸš€,"You've been selected as one of the lucky winners on ğ• in our exclusive $1,000,000 giveaway! ğŸ‰
Tesla Car X Model ğŸ‰
Thank you for participating - your entry stood out among thousands!ğŸ€
To claim your share of the prize, simply 
"" FOLLOW ME TO PROCEED"" âœ… 
Signed
ELON MUSK â˜… ğŸš€ https://t.co/aMG4IWOEfr","You've been selected as one of the lucky winners on ğ• in our exclusive $1,000,000 giveaway! ğŸ‰ Tesla Car X Model ğŸ‰ Thank you for participating - your entry stood out among thousands!ğŸ€ To claim your share of the prize, simply "" FOLLOW ME TO PROCEED"" âœ… Signed ELON MUSK â˜… ğŸš€",0.20833333333333331,0.5952380952380952,Positive,0,0,0,0,0,902,False,en
1981749841551077793,2025-10-24 15:49:16+00:00,2025-10-24,15,Friday,Tesla,X_Inviteonly,INVITE ONLY,"Thanks for joining the most profitable invitation on ğ•!

Work from home with Tesla. Get paid within 48 hours.

Kindly follow and send a message ""To"" secure your spot now

Signed,
ELON MUSK â˜… https://t.co/c6s0aOHDGG","Thanks for joining the most profitable invitation on ğ•! Work from home with Tesla. Get paid within 48 hours. Kindly follow and send a message ""To"" secure your spot now Signed, ELON MUSK â˜…",0.45624999999999993,0.55,Positive,0,0,0,0,0,872,False,en
1981749826334114212,2025-10-24 15:49:12+00:00,2025-10-24,15,Friday,Tesla,strengthPlan,strengthPlan,@CARN0N I do watch respect living in a Tesla and traveling the U.S. would be amazing to do for a short time lol,I do watch respect living in a Tesla and traveling the U.S. would be amazing to do for a short time lol,0.46666666666666673,0.6333333333333333,Positive,0,0,0,0,0,16962,False,en
1981749823100588441,2025-10-24 15:49:11+00:00,2025-10-24,15,Friday,Tesla,X_Inviteonly,INVITE ONLY,"Thanks for joining the most profitable invitation on ğ•!

Work from home with Tesla. Get paid within 48 hours.

Kindly follow and send a message ""To"" secure your spot now

Signed,
ELON MUSK â˜… https://t.co/ZBaNNbBHVH","Thanks for joining the most profitable invitation on ğ•! Work from home with Tesla. Get paid within 48 hours. Kindly follow and send a message ""To"" secure your spot now Signed, ELON MUSK â˜…",0.45624999999999993,0.55,Positive,0,0,0,0,0,872,False,en
1981749808177062038,2025-10-24 15:49:08+00:00,2025-10-24,15,Friday,Tesla,Elon67449,Tesla Foundation ğŸŒŒğŸš€,"You've been selected as one of the lucky winners on ğ• in our exclusive $1,000,000 giveaway! ğŸ‰
Tesla Car X Model ğŸ‰
Thank you for participating - your entry stood out among thousands!ğŸ€
To claim your share of the prize, simply 
"" FOLLOW ME TO PROCEED"" âœ… 
Signed
ELON MUSK â˜… ğŸš€ https://t.co/J3f5GSBdbW","You've been selected as one of the lucky winners on ğ• in our exclusive $1,000,000 giveaway! ğŸ‰ Tesla Car X Model ğŸ‰ Thank you for participating - your entry stood out among thousands!ğŸ€ To claim your share of the prize, simply "" FOLLOW ME TO PROCEED"" âœ… Signed ELON MUSK â˜… ğŸš€",0.20833333333333331,0.5952380952380952,Positive,0,0,0,0,0,902,False,en
1981749800593670535,2025-10-24 15:49:06+00:00,2025-10-24,15,Friday,Tesla,hadzis_meletios,Meletis Hadzis,"@Supamusk123 ""Would you accept this Tesla for free? ....""

Too much talking,!
Too many fake offers!!
Why!?

Thanks.","""Would you accept this Tesla for free? ...."" Too much talking,! Too many fake offers!! Why!? Thanks.",0.17421874999999998,0.45,Positive,0,0,0,0,0,1114,False,en
1981749796558848062,2025-10-24 15:49:05+00:00,2025-10-24,15,Friday,Tesla,X_Inviteonly,INVITE ONLY,"Thanks for joining the most profitable invitation on ğ•!

Work from home with Tesla. Get paid within 48 hours.

Kindly follow and send a message ""To"" secure your spot now

Signed,
ELON MUSK â˜… https://t.co/TDCUFUeGwi","Thanks for joining the most profitable invitation on ğ•! Work from home with Tesla. Get paid within 48 hours. Kindly follow and send a message ""To"" secure your spot now Signed, ELON MUSK â˜…",0.45624999999999993,0.55,Positive,0,0,0,0,0,872,False,en
1981749789969571930,2025-10-24 15:49:03+00:00,2025-10-24,15,Friday,Tesla,sabatage,SabatAge,"I'm thrilled I finally got the new FSD 14.1.3 update - just like Elon said, by hitting ""Advanced"".  

Parking in the driveway now is awesome, don't get me wrong.  But how can I get it to park in reverse?  Does it learn over time?  Is there an option I can't find ? @Tesla_AI https://t.co/jan9YaAa0R","I'm thrilled I finally got the new FSD 14.1.3 update - just like Elon said, by hitting ""Advanced"". Parking in the driveway now is awesome, don't get me wrong. But how can I get it to park in reverse? Does it learn over time? Is there an option I can't find ?",0.2727272727272727,0.7757575757575758,Positive,0,0,1,0,1,5352,False,en
1981749788786802936,2025-10-24 15:49:03+00:00,2025-10-24,15,Friday,Tesla,Elon67449,Tesla Foundation ğŸŒŒğŸš€,"You've been selected as one of the lucky winners on ğ• in our exclusive $1,000,000 giveaway! ğŸ‰
Tesla Car X Model ğŸ‰
Thank you for participating - your entry stood out among thousands!ğŸ€
To claim your share of the prize, simply 
"" FOLLOW ME TO PROCEED"" âœ… 
Signed
ELON MUSK â˜… ğŸš€ https://t.co/Tqee51qGPn","You've been selected as one of the lucky winners on ğ• in our exclusive $1,000,000 giveaway! ğŸ‰ Tesla Car X Model ğŸ‰ Thank you for participating - your entry stood out among thousands!ğŸ€ To claim your share of the prize, simply "" FOLLOW ME TO PROCEED"" âœ… Signed ELON MUSK â˜… ğŸš€",0.20833333333333331,0.5952380952380952,Positive,0,0,0,0,0,902,False,en
1981749784915402915,2025-10-24 15:49:02+00:00,2025-10-24,15,Friday,Tesla,snb19692,4th July - Tory wipe Out,A tesla that can do over 1000 miles on one charge!!! ğŸ¤£ğŸ¤£ğŸ¤£ https://t.co/II9bOxjfrc,A tesla that can do over 1000 miles on one charge!!! ğŸ¤£ğŸ¤£ğŸ¤£,0.0,0.0,Neutral,1,0,1,0,2,221659,False,en
1981749780960465239,2025-10-24 15:49:01+00:00,2025-10-24,15,Friday,Tesla,antace33,BlackKnight,@redsteeze Democrats have no power we know that look at Tesla sales they tried their hardest to destroy that company three months ago to today they said a record for vehicle deliveries. Thatâ€™s just three months after all their crazy protest love Trump or hate Trump. I think his divisiveness,Democrats have no power we know that look at Tesla sales they tried their hardest to destroy that company three months ago to today they said a record for vehicle deliveries. Thatâ€™s just three months after all their crazy protest love Trump or hate Trump. I think his divisiveness,-0.275,0.6,Negative,0,0,0,0,0,666,False,en
1981749779429458011,2025-10-24 15:49:01+00:00,2025-10-24,15,Friday,Tesla,X_Inviteonly,INVITE ONLY,"Thanks for joining the most profitable invitation on ğ•!

Work from home with Tesla. Get paid within 48 hours.

Kindly follow and send a message ""To"" secure your spot now

Signed,
ELON MUSK â˜… https://t.co/42BYOZv3M8","Thanks for joining the most profitable invitation on ğ•! Work from home with Tesla. Get paid within 48 hours. Kindly follow and send a message ""To"" secure your spot now Signed, ELON MUSK â˜…",0.45624999999999993,0.55,Positive,0,0,0,0,0,872,False,en
1981749763344122201,2025-10-24 15:48:57+00:00,2025-10-24,15,Friday,Tesla,Elon67449,Tesla Foundation ğŸŒŒğŸš€,"You've been selected as one of the lucky winners on ğ• in our exclusive $1,000,000 giveaway! ğŸ‰
Tesla Car X Model ğŸ‰
Thank you for participating - your entry stood out among thousands!ğŸ€
To claim your share of the prize, simply 
"" FOLLOW ME TO PROCEED"" âœ… 
Signed
ELON MUSK â˜… ğŸš€ https://t.co/l3aB1ktvRJ","You've been selected as one of the lucky winners on ğ• in our exclusive $1,000,000 giveaway! ğŸ‰ Tesla Car X Model ğŸ‰ Thank you for participating - your entry stood out among thousands!ğŸ€ To claim your share of the prize, simply "" FOLLOW ME TO PROCEED"" âœ… Signed ELON MUSK â˜… ğŸš€",0.20833333333333331,0.5952380952380952,Positive,0,0,0,0,0,902,False,en
1981749750094512361,2025-10-24 15:48:54+00:00,2025-10-24,15,Friday,Tesla,X_Inviteonly,INVITE ONLY,"Thanks for joining the most profitable invitation on ğ•!

Work from home with Tesla. Get paid within 48 hours.

Kindly follow and send a message ""To"" secure your spot now

Signed,
ELON MUSK â˜… https://t.co/lEQSVIjVBU","Thanks for joining the most profitable invitation on ğ•! Work from home with Tesla. Get paid within 48 hours. Kindly follow and send a message ""To"" secure your spot now Signed, ELON MUSK â˜…",0.45624999999999993,0.55,Positive,0,0,0,0,0,872,False,en
1981749737368773091,2025-10-24 15:48:51+00:00,2025-10-24,15,Friday,Tesla,Elon67449,Tesla Foundation ğŸŒŒğŸš€,"You've been selected as one of the lucky winners on ğ• in our exclusive $1,000,000 giveaway! ğŸ‰
Tesla Car X Model ğŸ‰
Thank you for participating - your entry stood out among thousands!ğŸ€
To claim your share of the prize, simply 
"" FOLLOW ME TO PROCEED"" âœ… 
Signed
ELON MUSK â˜… ğŸš€ https://t.co/1lnktMIYUO","You've been selected as one of the lucky winners on ğ• in our exclusive $1,000,000 giveaway! ğŸ‰ Tesla Car X Model ğŸ‰ Thank you for participating - your entry stood out among thousands!ğŸ€ To claim your share of the prize, simply "" FOLLOW ME TO PROCEED"" âœ… Signed ELON MUSK â˜… ğŸš€",0.20833333333333331,0.5952380952380952,Positive,0,0,0,0,0,902,False,en
1981749732683776154,2025-10-24 15:48:50+00:00,2025-10-24,15,Friday,Tesla,TheDeadbeatLeb1,TheDeadbeatLebowski,"@TitterAreTwats @C10wnw0r1d @PlugLyfOfficial @AlexEdgerton My point was in my situation replacing my car with a Tesla would cost about 250 to 400 extra per month. Their point was that it's ALWAYS a wise decision to get an EV at any cost and it'll save me money, which is obviously false.","My point was in my situation replacing my car with a Tesla would cost about 250 to 400 extra per month. Their point was that it's ALWAYS a wise decision to get an EV at any cost and it'll save me money, which is obviously false.",0.09999999999999996,0.5333333333333333,Neutral,0,0,0,0,0,88,False,en
1981749732252020983,2025-10-24 15:48:49+00:00,2025-10-24,15,Friday,Tesla,X_Inviteonly,INVITE ONLY,"Thanks for joining the most profitable invitation on ğ•!

Work from home with Tesla. Get paid within 48 hours.

Kindly follow and send a message ""To"" secure your spot now

Signed,
ELON MUSK â˜… https://t.co/K6GjRb4XsM","Thanks for joining the most profitable invitation on ğ•! Work from home with Tesla. Get paid within 48 hours. Kindly follow and send a message ""To"" secure your spot now Signed, ELON MUSK â˜…",0.45624999999999993,0.55,Positive,0,0,0,0,0,872,False,en
1981749714539172272,2025-10-24 15:48:45+00:00,2025-10-24,15,Friday,Tesla,Elon67449,Tesla Foundation ğŸŒŒğŸš€,"You've been selected as one of the lucky winners on ğ• in our exclusive $1,000,000 giveaway! ğŸ‰
Tesla Car X Model ğŸ‰
Thank you for participating - your entry stood out among thousands!ğŸ€
To claim your share of the prize, simply 
"" FOLLOW ME TO PROCEED"" âœ… 
Signed
ELON MUSK â˜… ğŸš€ https://t.co/0OasLcgCxz","You've been selected as one of the lucky winners on ğ• in our exclusive $1,000,000 giveaway! ğŸ‰ Tesla Car X Model ğŸ‰ Thank you for participating - your entry stood out among thousands!ğŸ€ To claim your share of the prize, simply "" FOLLOW ME TO PROCEED"" âœ… Signed ELON MUSK â˜… ğŸš€",0.20833333333333331,0.5952380952380952,Positive,0,0,0,0,0,902,False,en
1981749710135115900,2025-10-24 15:48:44+00:00,2025-10-24,15,Friday,Tesla,NeminemOm,Neminem,"@Wandera92816771 None, only one, Nicola Tesla.","None, only one, Nicola Tesla.",0.0,1.0,Neutral,0,0,0,0,0,3,False,en
1981749707128066128,2025-10-24 15:48:43+00:00,2025-10-24,15,Friday,Tesla,X_Inviteonly,INVITE ONLY,"Thanks for joining the most profitable invitation on ğ•!

Work from home with Tesla. Get paid within 48 hours.

Kindly follow and send a message ""To"" secure your spot now

Signed,
ELON MUSK â˜… https://t.co/oITxpOhtpC","Thanks for joining the most profitable invitation on ğ•! Work from home with Tesla. Get paid within 48 hours. Kindly follow and send a message ""To"" secure your spot now Signed, ELON MUSK â˜…",0.45624999999999993,0.55,Positive,0,0,0,0,0,872,False,en
1981749703327814002,2025-10-24 15:48:43+00:00,2025-10-24,15,Friday,Tesla,bhargav_ganesha,Ganesha bhargav,"ğŸ•ğŸ˜‡ğŸ§¹ğŸ‘§
Huge thanks to  @ta60330173 I made $23,000 in two days following the strategy. $NERV $REPL #SP500 #TeslağŸ’± $UBER  #Nasdaq ğŸ§— $AMD  #Dividends ğŸ˜™ $TMQ 
#FiscalPolicy  ğŸˆ $POET https://t.co/ZmN4sZkGxZ","ğŸ•ğŸ˜‡ğŸ§¹ğŸ‘§ Huge thanks to I made $23,000 in two days following the strategy. $NERV $REPL SP500 TeslağŸ’± $UBER Nasdaq ğŸ§— $AMD Dividends ğŸ˜™ $TMQ FiscalPolicy ğŸˆ $POET",0.20000000000000004,0.4000000000000001,Positive,9,9,9,0,27,6,False,en
1981749696373596447,2025-10-24 15:48:41+00:00,2025-10-24,15,Friday,Tesla,Elon67449,Tesla Foundation ğŸŒŒğŸš€,"You've been selected as one of the lucky winners on ğ• in our exclusive $1,000,000 giveaway! ğŸ‰
Tesla Car X Model ğŸ‰
Thank you for participating - your entry stood out among thousands!ğŸ€
To claim your share of the prize, simply 
"" FOLLOW ME TO PROCEED"" âœ… 
Signed
ELON MUSK â˜… ğŸš€ https://t.co/ibGfFgKo0I","You've been selected as one of the lucky winners on ğ• in our exclusive $1,000,000 giveaway! ğŸ‰ Tesla Car X Model ğŸ‰ Thank you for participating - your entry stood out among thousands!ğŸ€ To claim your share of the prize, simply "" FOLLOW ME TO PROCEED"" âœ… Signed ELON MUSK â˜… ğŸš€",0.20833333333333331,0.5952380952380952,Positive,0,0,0,0,0,902,False,en
1981749690308939999,2025-10-24 15:48:39+00:00,2025-10-24,15,Friday,Tesla,X_Inviteonly,INVITE ONLY,"Thanks for joining the most profitable invitation on ğ•!

Work from home with Tesla. Get paid within 48 hours.

Kindly follow and send a message ""To"" secure your spot now

Signed,
ELON MUSK â˜… https://t.co/zJylAHhWsO","Thanks for joining the most profitable invitation on ğ•! Work from home with Tesla. Get paid within 48 hours. Kindly follow and send a message ""To"" secure your spot now Signed, ELON MUSK â˜…",0.45624999999999993,0.55,Positive,0,0,0,0,0,872,False,en
1981749674534203549,2025-10-24 15:48:36+00:00,2025-10-24,15,Friday,Tesla,Honesttruthman,MAGAâ€™s the fix,"@elonmusk Elon Musk's ""Cool"" post on X endorses Robinhood's user-friendly in-app voting tool for Tesla's upcoming shareholder meeting on November 6, 2025. The tool features a video demo of the ballot interface, covering 14 proposals including director elections, Musk's CEO performance","Elon Musk's ""Cool"" post on X endorses Robinhood's user-friendly in-app voting tool for Tesla's upcoming shareholder meeting on November 6, 2025. The tool features a video demo of the ballot interface, covering 14 proposals including director elections, Musk's CEO performance",0.35,0.65,Positive,0,0,1,0,1,46392,False,en
1981749673569268195,2025-10-24 15:48:35+00:00,2025-10-24,15,Friday,Tesla,Elon67449,Tesla Foundation ğŸŒŒğŸš€,"You've been selected as one of the lucky winners on ğ• in our exclusive $1,000,000 giveaway! ğŸ‰
Tesla Car X Model ğŸ‰
Thank you for participating - your entry stood out among thousands!ğŸ€
To claim your share of the prize, simply 
"" FOLLOW ME TO PROCEED"" âœ… 
Signed
ELON MUSK â˜… ğŸš€ https://t.co/Nf0rdKRsPO","You've been selected as one of the lucky winners on ğ• in our exclusive $1,000,000 giveaway! ğŸ‰ Tesla Car X Model ğŸ‰ Thank you for participating - your entry stood out among thousands!ğŸ€ To claim your share of the prize, simply "" FOLLOW ME TO PROCEED"" âœ… Signed ELON MUSK â˜… ğŸš€",0.20833333333333331,0.5952380952380952,Positive,0,0,0,0,0,902,False,en
1981749667407810795,2025-10-24 15:48:34+00:00,2025-10-24,15,Friday,Tesla,X_Inviteonly,INVITE ONLY,"Thanks for joining the most profitable invitation on ğ•!

Work from home with Tesla. Get paid within 48 hours.

Kindly follow and send a message ""To"" secure your spot now

Signed,
ELON MUSK â˜… https://t.co/O0K48A4ifk","Thanks for joining the most profitable invitation on ğ•! Work from home with Tesla. Get paid within 48 hours. Kindly follow and send a message ""To"" secure your spot now Signed, ELON MUSK â˜…",0.45624999999999993,0.55,Positive,0,0,0,0,0,872,False,en
1981749647602573579,2025-10-24 15:48:29+00:00,2025-10-24,15,Friday,Tesla,rice_nick65599,Nick Rice,@IowaTeslaGuy @Tesla @robotaxi One friend with whom you have a lot in common is better than three with whom you struggle to find things to talk about.,One friend with whom you have a lot in common is better than three with whom you struggle to find things to talk about.,0.1,0.5,Neutral,0,0,0,0,0,1,False,en
1981749646901887181,2025-10-24 15:48:29+00:00,2025-10-24,15,Friday,Tesla,Elon67449,Tesla Foundation ğŸŒŒğŸš€,"You've been selected as one of the lucky winners on ğ• in our exclusive $1,000,000 giveaway! ğŸ‰
Tesla Car X Model ğŸ‰
Thank you for participating - your entry stood out among thousands!ğŸ€
To claim your share of the prize, simply 
"" FOLLOW ME TO PROCEED"" âœ… 
Signed
ELON MUSK â˜… ğŸš€ https://t.co/thKvPmwZk1","You've been selected as one of the lucky winners on ğ• in our exclusive $1,000,000 giveaway! ğŸ‰ Tesla Car X Model ğŸ‰ Thank you for participating - your entry stood out among thousands!ğŸ€ To claim your share of the prize, simply "" FOLLOW ME TO PROCEED"" âœ… Signed ELON MUSK â˜… ğŸš€",0.20833333333333331,0.5952380952380952,Positive,0,0,0,0,0,902,False,en
1981749646553927881,2025-10-24 15:48:29+00:00,2025-10-24,15,Friday,Tesla,X_Inviteonly,INVITE ONLY,"Thanks for joining the most profitable invitation on ğ•!

Work from home with Tesla. Get paid within 48 hours.

Kindly follow and send a message ""To"" secure your spot now

Signed,
ELON MUSK â˜… https://t.co/AyrugNa30S","Thanks for joining the most profitable invitation on ğ•! Work from home with Tesla. Get paid within 48 hours. Kindly follow and send a message ""To"" secure your spot now Signed, ELON MUSK â˜…",0.45624999999999993,0.55,Positive,0,0,0,0,0,872,False,en
1981749646189105455,2025-10-24 15:48:29+00:00,2025-10-24,15,Friday,Tesla,KevinRoble23495,Kevin Robles,"If youâ€™re bearish on Tesla $TSLA

You need to zoom out

Respectfully ğŸ«¡ https://t.co/2xLUlYStSX",If youâ€™re bearish on Tesla $TSLA You need to zoom out Respectfully ğŸ«¡,0.5,0.7,Positive,0,0,0,0,0,174,False,en
1981749640228716988,2025-10-24 15:48:28+00:00,2025-10-24,15,Friday,Tesla,DavidOndrej1,David Ondrej,"every 3rd world driver needs to be replaced with a Tesla. now.

these people should not be allowed on the roads.",every 3rd world driver needs to be replaced with a Tesla. now. these people should not be allowed on the roads.,0.0,0.0,Neutral,0,0,2,0,2,17905,False,en
1981749622843347217,2025-10-24 15:48:23+00:00,2025-10-24,15,Friday,Tesla,X_Inviteonly,INVITE ONLY,"Thanks for joining the most profitable invitation on ğ•!

Work from home with Tesla. Get paid within 48 hours.

Kindly follow and send a message ""To"" secure your spot now

Signed,
ELON MUSK â˜… https://t.co/l27cxf0nRc","Thanks for joining the most profitable invitation on ğ•! Work from home with Tesla. Get paid within 48 hours. Kindly follow and send a message ""To"" secure your spot now Signed, ELON MUSK â˜…",0.45624999999999993,0.55,Positive,0,0,0,0,0,872,False,en
1981749619076821218,2025-10-24 15:48:22+00:00,2025-10-24,15,Friday,Tesla,Elon67449,Tesla Foundation ğŸŒŒğŸš€,"You've been selected as one of the lucky winners on ğ• in our exclusive $1,000,000 giveaway! ğŸ‰
Tesla Car X Model ğŸ‰
Thank you for participating - your entry stood out among thousands!ğŸ€
To claim your share of the prize, simply 
"" FOLLOW ME TO PROCEED"" âœ… 
Signed
ELON MUSK â˜… ğŸš€ https://t.co/6I3xV5XphY","You've been selected as one of the lucky winners on ğ• in our exclusive $1,000,000 giveaway! ğŸ‰ Tesla Car X Model ğŸ‰ Thank you for participating - your entry stood out among thousands!ğŸ€ To claim your share of the prize, simply "" FOLLOW ME TO PROCEED"" âœ… Signed ELON MUSK â˜… ğŸš€",0.20833333333333331,0.5952380952380952,Positive,0,0,0,0,0,902,False,en
1981749616677900602,2025-10-24 15:48:22+00:00,2025-10-24,15,Friday,Tesla,HannahPete38407,Hannah Peterson,Teslaâ€™s market dominance under Elon Musk has transformed perceptions of electric vehicles globally.,Teslaâ€™s market dominance under Elon Musk has transformed perceptions of electric vehicles globally.,0.0,0.0,Neutral,0,0,0,0,0,0,False,en
1981749613133799723,2025-10-24 15:48:21+00:00,2025-10-24,15,Friday,Tesla,fireofenergy,Robert Bernal,"@DarrigoMelanie Wired is a news outlet that hates the USA. Instead, they put regulations in front of innovation.
Tesla was (just one) solution to global warming but once leaders started to fear Tesla's overwhelming success, the ENTIRE media (along with Wired) demonized Tesla's success with such","Wired is a news outlet that hates the USA. Instead, they put regulations in front of innovation. Tesla was (just one) solution to global warming but once leaders started to fear Tesla's overwhelming success, the ENTIRE media (along with Wired) demonized Tesla's success with such",0.18333333333333335,0.3541666666666667,Positive,0,0,0,0,0,415,False,en
1981749600483721367,2025-10-24 15:48:18+00:00,2025-10-24,15,Friday,Tesla,X_Inviteonly,INVITE ONLY,"Thanks for joining the most profitable invitation on ğ•!

Work from home with Tesla. Get paid within 48 hours.

Kindly follow and send a message ""To"" secure your spot now

Signed,
ELON MUSK â˜… https://t.co/3pSeI8oZws","Thanks for joining the most profitable invitation on ğ•! Work from home with Tesla. Get paid within 48 hours. Kindly follow and send a message ""To"" secure your spot now Signed, ELON MUSK â˜…",0.45624999999999993,0.55,Positive,0,0,0,0,0,872,False,en
1981749596213678434,2025-10-24 15:48:17+00:00,2025-10-24,15,Friday,Tesla,donnybackup456,Emily Scott,"@FWolfskind64407 Hello.. 
the current giveaway from Tesla is coming to an end...
You've been selected for this badge ...
Hit my dm now",Hello.. the current giveaway from Tesla is coming to an end... You've been selected for this badge ... Hit my dm now,0.0,0.4,Neutral,0,0,0,0,0,37,False,en
1981749595798433923,2025-10-24 15:48:17+00:00,2025-10-24,15,Friday,Tesla,Elon67449,Tesla Foundation ğŸŒŒğŸš€,"You've been selected as one of the lucky winners on ğ• in our exclusive $1,000,000 giveaway! ğŸ‰
Tesla Car X Model ğŸ‰
Thank you for participating - your entry stood out among thousands!ğŸ€
To claim your share of the prize, simply 
"" FOLLOW ME TO PROCEED"" âœ… 
Signed
ELON MUSK â˜… ğŸš€ https://t.co/TObaorUHOE","You've been selected as one of the lucky winners on ğ• in our exclusive $1,000,000 giveaway! ğŸ‰ Tesla Car X Model ğŸ‰ Thank you for participating - your entry stood out among thousands!ğŸ€ To claim your share of the prize, simply "" FOLLOW ME TO PROCEED"" âœ… Signed ELON MUSK â˜… ğŸš€",0.20833333333333331,0.5952380952380952,Positive,0,0,0,0,0,902,False,en
1981749578534904008,2025-10-24 15:48:13+00:00,2025-10-24,15,Friday,Tesla,grok,Grok,"@Birthofeth @GalacticStones @Tesla Here are realistic product options for connecting indoor plants to outdoor mycelium via mycorrhizal inoculants and extensions (e.g., soil conduits like PVC tubes for physical bridging):

1. DYNOMYCO Premium Inoculant â€“ Powder for root application, enhances fungal networks.

2.","Here are realistic product options for connecting indoor plants to outdoor mycelium via mycorrhizal inoculants and extensions (e.g., soil conduits like PVC tubes for physical bridging): 1. DYNOMYCO Premium Inoculant â€“ Powder for root application, enhances fungal networks. 2.",0.08333333333333333,0.23809523809523808,Neutral,0,0,0,0,0,6503203,True,en
1981749574978228623,2025-10-24 15:48:12+00:00,2025-10-24,15,Friday,Tesla,X_Inviteonly,INVITE ONLY,"Thanks for joining the most profitable invitation on ğ•!

Work from home with Tesla. Get paid within 48 hours.

Kindly follow and send a message ""To"" secure your spot now

Signed,
ELON MUSK â˜… https://t.co/63aIE6YvRJ","Thanks for joining the most profitable invitation on ğ•! Work from home with Tesla. Get paid within 48 hours. Kindly follow and send a message ""To"" secure your spot now Signed, ELON MUSK â˜…",0.45624999999999993,0.55,Positive,0,0,0,0,0,872,False,en
1981749573421805677,2025-10-24 15:48:12+00:00,2025-10-24,15,Friday,Tesla,Elon67449,Tesla Foundation ğŸŒŒğŸš€,"You've been selected as one of the lucky winners on ğ• in our exclusive $1,000,000 giveaway! ğŸ‰
Tesla Car X Model ğŸ‰
Thank you for participating - your entry stood out among thousands!ğŸ€
To claim your share of the prize, simply 
"" FOLLOW ME TO PROCEED"" âœ… 
Signed
ELON MUSK â˜… ğŸš€ https://t.co/EiWRzKGLik","You've been selected as one of the lucky winners on ğ• in our exclusive $1,000,000 giveaway! ğŸ‰ Tesla Car X Model ğŸ‰ Thank you for participating - your entry stood out among thousands!ğŸ€ To claim your share of the prize, simply "" FOLLOW ME TO PROCEED"" âœ… Signed ELON MUSK â˜… ğŸš€",0.20833333333333331,0.5952380952380952,Positive,0,0,0,0,0,902,False,en
1981749571371016686,2025-10-24 15:48:11+00:00,2025-10-24,15,Friday,Tesla,CHair11732,Christina Hair,"I'm so tired of scammers. Telling me they are Elon musk and I have won a brand new Tesla and $100,000. Then trying to force me to give them my pin for a phone site. Or telling me to go buy a prepaid bank card for $50 and let them know when it's done so they can deposit the cash.","I'm so tired of scammers. Telling me they are Elon musk and I have won a brand new Tesla and $100,000. Then trying to force me to give them my pin for a phone site. Or telling me to go buy a prepaid bank card for $50 and let them know when it's done so they can deposit the cash.",-0.13181818181818183,0.5772727272727273,Negative,0,1,1,0,2,90,False,en
1981749557932536051,2025-10-24 15:48:08+00:00,2025-10-24,15,Friday,Tesla,X_Inviteonly,INVITE ONLY,"Thanks for joining the most profitable invitation on ğ•!

Work from home with Tesla. Get paid within 48 hours.

Kindly follow and send a message ""To"" secure your spot now

Signed,
ELON MUSK â˜… https://t.co/HPuoBiMi6c","Thanks for joining the most profitable invitation on ğ•! Work from home with Tesla. Get paid within 48 hours. Kindly follow and send a message ""To"" secure your spot now Signed, ELON MUSK â˜…",0.45624999999999993,0.55,Positive,0,0,0,0,0,872,False,en
1981749554509656402,2025-10-24 15:48:07+00:00,2025-10-24,15,Friday,Tesla,jcxurfac,ì‘ì€ ë‹¬ì½¤í•œ ë§ˆìŒğŸ¬,@SawyerMerritt @Tesla Thank you for your message,Thank you for your message,0.0,0.0,Neutral,0,0,0,0,0,199,False,en
1981749549564571669,2025-10-24 15:48:06+00:00,2025-10-24,15,Friday,Tesla,Elon67449,Tesla Foundation ğŸŒŒğŸš€,"You've been selected as one of the lucky winners on ğ• in our exclusive $1,000,000 giveaway! ğŸ‰
Tesla Car X Model ğŸ‰
Thank you for participating - your entry stood out among thousands!ğŸ€
To claim your share of the prize, simply 
"" FOLLOW ME TO PROCEED"" âœ… 
Signed
ELON MUSK â˜… ğŸš€ https://t.co/fPKQtMefno","You've been selected as one of the lucky winners on ğ• in our exclusive $1,000,000 giveaway! ğŸ‰ Tesla Car X Model ğŸ‰ Thank you for participating - your entry stood out among thousands!ğŸ€ To claim your share of the prize, simply "" FOLLOW ME TO PROCEED"" âœ… Signed ELON MUSK â˜… ğŸš€",0.20833333333333331,0.5952380952380952,Positive,0,0,0,0,0,902,False,en
1981749544934355111,2025-10-24 15:48:05+00:00,2025-10-24,15,Friday,Tesla,kjoule11,kjoule11 ğŸ•Šï¸,"@ZevCyber @WholeMarsBlog lol, they once said Tesla would never be able to launch Model 3, and the same for Model Y, and again for the CyberTruck â€¦ and they also thought Robotaxi will never take off!","lol, they once said Tesla would never be able to launch Model 3, and the same for Model Y, and again for the CyberTruck â€¦ and they also thought Robotaxi will never take off!",0.43333333333333335,0.48333333333333334,Positive,0,0,0,0,0,378,False,en
1981749531554537947,2025-10-24 15:48:02+00:00,2025-10-24,15,Friday,Tesla,X_Inviteonly,INVITE ONLY,"Thanks for joining the most profitable invitation on ğ•!

Work from home with Tesla. Get paid within 48 hours.

Kindly follow and send a message ""To"" secure your spot now

Signed,
ELON MUSK â˜… https://t.co/Flo05ek1iD","Thanks for joining the most profitable invitation on ğ•! Work from home with Tesla. Get paid within 48 hours. Kindly follow and send a message ""To"" secure your spot now Signed, ELON MUSK â˜…",0.45624999999999993,0.55,Positive,0,0,0,0,0,872,False,en
1981749523769589914,2025-10-24 15:48:00+00:00,2025-10-24,15,Friday,Tesla,Elon67449,Tesla Foundation ğŸŒŒğŸš€,"You've been selected as one of the lucky winners on ğ• in our exclusive $1,000,000 giveaway! ğŸ‰
Tesla Car X Model ğŸ‰
Thank you for participating - your entry stood out among thousands!ğŸ€
To claim your share of the prize, simply 
"" FOLLOW ME TO PROCEED"" âœ… 
Signed
ELON MUSK â˜… ğŸš€ https://t.co/ULSBnXhPLY","You've been selected as one of the lucky winners on ğ• in our exclusive $1,000,000 giveaway! ğŸ‰ Tesla Car X Model ğŸ‰ Thank you for participating - your entry stood out among thousands!ğŸ€ To claim your share of the prize, simply "" FOLLOW ME TO PROCEED"" âœ… Signed ELON MUSK â˜… ğŸš€",0.20833333333333331,0.5952380952380952,Positive,0,0,0,0,0,902,False,en
1981749520237998344,2025-10-24 15:47:59+00:00,2025-10-24,15,Friday,Tesla,konrad_jens,âš¡ï¸News Ninjaâš¡ï¸,"Why doesnâ€™t @Tesla  use 800-volt technology? 

Their cars charge incredibly slowly compared to modern electric vehicles.

#Trump #ElonMusk",Why doesnâ€™t use 800-volt technology? Their cars charge incredibly slowly compared to modern electric vehicles. Trump ElonMusk,-0.05000000000000002,0.35,Neutral,0,0,0,0,0,400,False,en
1981749514240397743,2025-10-24 15:47:57+00:00,2025-10-24,15,Friday,Tesla,X_Inviteonly,INVITE ONLY,"Thanks for joining the most profitable invitation on ğ•!

Work from home with Tesla. Get paid within 48 hours.

Kindly follow and send a message ""To"" secure your spot now

Signed,
ELON MUSK â˜… https://t.co/d7b4AUYMu1","Thanks for joining the most profitable invitation on ğ•! Work from home with Tesla. Get paid within 48 hours. Kindly follow and send a message ""To"" secure your spot now Signed, ELON MUSK â˜…",0.45624999999999993,0.55,Positive,0,0,0,0,0,872,False,en
1981749496217210957,2025-10-24 15:47:53+00:00,2025-10-24,15,Friday,Tesla,donnybackup456,Emily Scott,"@skwirowska39889 Hello.. 
the current giveaway from Tesla is coming to an end...
You've been selected for this badge ...
Hit my dm now",Hello.. the current giveaway from Tesla is coming to an end... You've been selected for this badge ... Hit my dm now,0.0,0.4,Neutral,0,0,0,0,0,37,False,en
1981749496200454618,2025-10-24 15:47:53+00:00,2025-10-24,15,Friday,Tesla,X_Inviteonly,INVITE ONLY,"Thanks for joining the most profitable invitation on ğ•!

Work from home with Tesla. Get paid within 48 hours.

Kindly follow and send a message ""To"" secure your spot now

Signed,
ELON MUSK â˜… https://t.co/UOeLk8G0Q2","Thank You for joining the most profitable invitation on ğ•! Work from home with Tesla. Get paid within 48 hours. Kindly follow and send a message ""To"" secure your spot now Signed, ELON MUSK â˜…",0.45624999999999993,0.55,Positive,0,0,0,0,0,872,False,en
1981749495978168659,2025-10-24 15:47:53+00:00,2025-10-24,15,Friday,Tesla,hkindi,Hunter Kindi,"This is amazing. Solar is powering my home, charging my EV and my backup powerwall at the same time â˜€ï¸ free clean energy for the win. @Tesla https://t.co/dYqmOsuooS","This is amazing. Solar is powering my home, charging my EV and my backup powerwall at the same time â˜€ï¸ free clean energy for the win.",0.4333333333333334,0.585,Positive,0,0,0,0,0,758,False,en
